응답일시,참여자,개인정보 수집 및 이용 동의(*),선생님의 연령은 올해 만으로 어떻게 되십니까?(*),선생님의 성별은 어떻게 되십니까?(*),선생님의 학번은 어떻게 되십니까?(*),선생님의 학과는 어떻게 되십니까?(*),선생님께서는 총학 선거날 투표를 하시겠습니까?(*),1-1. 왜 총학생회 선거에 투표하려고 하십니까?(*),2. 응답자님께서는 어떤 투표 방식을 선호하십니까?(*),3. 어떠한 경로로 설문조사에 참여하게 됐습니까?(*),왜 총학생회 선거에 투표하지 않으려고 하십니까?(*),2. 응답자님께서는 어떤 투표 방식을 선호하십니까?(*),3. 어떠한 경로로 설문조사에 참여하게 됐습니까?(*)
2024-10-28 12:42,1,Y,,,,정치외교학과,한다.,참여는 내 권리라고 생각해서,오프라인,에브리타임 게시판을 보고,,,
2024-10-28 13:57,2,Y,,,,임베디드시스템공학과,안한다.,,,,후보에 대한 정보가 부족해서,온라인,지인의 권유로
2024-10-28 15:59,3,Y,,,,정치외교학과,한다.,참여는 내 권리라고 생각해서,오프라인,에브리타임 게시판을 보고,,,
2024-10-28 15:59,4,Y,,,,정치외교학과,한다.,참여는 내 권리라고 생각해서,둘 다 상관없음,에브리타임 게시판을 보고,,,
2024-10-28 16:12,5,Y,,,,세무회계학과,한다.,학생 대표의 공석을 방지하기 위해서,온라인,에브리타임 게시판을 보고,,,
2024-10-28 16:13,6,Y,,,,정치외교학과,한다.,참여는 내 권리라고 생각해서,둘 다 상관없음,에브리타임 게시판을 보고,,,
2024-10-28 16:14,7,Y,,,,정치외교학과,한다.,대학 생활에 영향을 미치는 사안이라고 생각해서,둘 다 상관없음,지인의 권유로,,,
2024-10-28 17:11,8,Y,,,,미디어커뮤니케이션학과,한다.,대학 생활에 영향을 미치는 사안이라고 생각해서,온라인,에브리타임 게시판을 보고,,,
2024-10-28 18:05,9,Y,,,,정치외교학과,한다.,학생 대표의 공석을 방지하기 위해서,온라인,INU바로미터 현장조사에서,,,
2024-10-28 18:05,10,Y,,,,정치외교학과,한다.,대학 생활에 영향을 미치는 사안이라고 생각해서,온라인,지인의 권유로,,,
2024-10-28 18:06,11,Y,,,,정치외교학과,한다.,내가 지지하는 후보가 있어서,둘 다 상관없음,지인의 권유로,,,
2024-10-28 18:12,12,Y,,,,컴퓨터공학부,한다.,참여는 내 권리라고 생각해서,둘 다 상관없음,에브리타임 게시판을 보고,,,
2024-10-28 18:21,13,Y,,,,윤리교육과,한다.,참여는 내 권리라고 생각해서,오프라인,설문조사 홍보 전단지에서,,,
2024-10-28 18:22,14,Y,,,,문헌정보학과,안한다.,,,,총학생회에 관심이 없어서,온라인,지인의 권유로
2024-10-28 18:44,15,Y,,,,정치외교학과,한다.,대학 생활에 영향을 미치는 사안이라고 생각해서,오프라인,에브리타임 게시판을 보고,,,
2024-10-28 18:49,16,Y,,,,윤리교육과,한다.,대학 생활에 영향을 미치는 사안이라고 생각해서,둘 다 상관없음,에브리타임 게시판을 보고,,,
2024-10-28 19:07,17,Y,,,,생명과학부,안한다.,,,,총학생회에 관심이 없어서,온라인,지인의 권유로
2024-10-28 19:34,18,Y,,,,바이오-로봇 시스템공학과,한다.,참여는 내 권리라고 생각해서,오프라인,지인의 권유로,,,
2024-10-28 20:05,19,Y,,,,조형예술학부,한다.,학생 대표의 공석을 방지하기 위해서,온라인,지인의 권유로,,,
2024-10-28 20:07,20,Y,,,,문헌정보학과,안한다.,,,,총학생회에 관심이 없어서,온라인,지인의 권유로
2024-10-28 20:07,21,Y,,,,소비자학과,한다.,참여는 내 권리라고 생각해서,둘 다 상관없음,지인의 권유로,,,
2024-10-28 20:07,22,Y,,,,에너지화학공학과,한다.,참여는 내 권리라고 생각해서,온라인,에브리타임 게시판을 보고,,,
2024-10-28 20:15,23,Y,,,,무역학부,안한다.,,,,총학생회에 관심이 없어서,온라인,지인의 권유로
2024-10-28 22:22,24,Y,,,,도시행정학과,한다.,대학 생활에 영향을 미치는 사안이라고 생각해서,둘 다 상관없음,에브리타임 게시판을 보고,,,
2024-10-28 22:22,25,Y,,,,정치외교학과,한다.,참여는 내 권리라고 생각해서,둘 다 상관없음,설문조사 홍보 전단지에서,,,
2024-10-28 22:46,26,Y,,,,공연예술학과,한다.,참여는 내 권리라고 생각해서,온라인,지인의 권유로,,,
2024-10-29 7:21,27,Y,,,,운동건강학부,한다.,대학 생활에 영향을 미치는 사안이라고 생각해서,오프라인,에브리타임 게시판을 보고,,,
2024-10-29 13:06,28,Y,,,,스포츠과학부,한다.,학생 대표의 공석을 방지하기 위해서,온라인,에브리타임 게시판을 보고,,,
2024-10-29 14:42,29,Y,,,,국어국문학과,한다.,참여는 내 권리라고 생각해서,온라인,에브리타임 게시판을 보고,,,
2024-10-29 15:03,30,Y,,,,정치외교학과,한다.,주변에서 투표하라고 권유해서,둘 다 상관없음,에브리타임 게시판을 보고,,,
2024-10-29 20:05,31,Y,,,,수학교육과,한다.,대학 생활에 영향을 미치는 사안이라고 생각해서,둘 다 상관없음,에브리타임 게시판을 보고,,,
2024-10-30 16:33,32,Y,,,,중어중국학과,한다.,참여는 내 권리라고 생각해서,온라인,지인의 권유로,,,
2024-10-30 17:20,33,Y,,,,정치외교학과,한다.,참여는 내 권리라고 생각해서,둘 다 상관없음,에브리타임 게시판을 보고,,,
2024-10-30 18:28,34,Y,,,,산업경영공학과,한다.,학생 대표의 공석을 방지하기 위해서,둘 다 상관없음,지인의 권유로,,,
2024-10-31 14:29,35,Y,,,,무역학부,한다.,참여는 내 권리라고 생각해서,둘 다 상관없음,지인의 권유로,,,
2024-11-04 12:03,36,Y,,,,경제학과,한다.,대학 생활에 영향을 미치는 사안이라고 생각해서,온라인,INU바로미터 현장조사에서,,,
2024-11-04 12:04,37,Y,,,,신소재공학과,한다.,참여는 내 권리라고 생각해서,오프라인,INU바로미터 현장조사에서,,,
2024-11-04 12:04,38,Y,,,,컴퓨터공학부,한다.,학생 대표의 공석을 방지하기 위해서,오프라인,INU바로미터 현장조사에서,,,
2024-11-04 12:05,39,Y,,,,사회복지학과,안한다.,,,,투표 시간이 없어서,온라인,INU바로미터 현장조사에서
2024-11-04 12:05,40,Y,,,,사회복지학과,안한다.,,,,투표 시간이 없어서,온라인,INU바로미터 현장조사에서
2024-11-04 12:06,41,Y,,,,사회복지학과,한다.,참여는 내 권리라고 생각해서,온라인,INU바로미터 현장조사에서,,,
2024-11-04 12:06,42,Y,,,,사회복지학과,안한다.,,,,총학생회에 관심이 없어서,둘 다 상관없음,지인의 권유로
2024-11-04 12:06,43,Y,,,,사회복지학과,한다.,대학 생활에 영향을 미치는 사안이라고 생각해서,온라인,설문조사 홍보 전단지에서,,,
2024-11-04 12:10,44,Y,,,,기계공학과,안한다.,,,,총학생회에 관심이 없어서,둘 다 상관없음,INU바로미터 현장조사에서
2024-11-04 12:10,45,Y,,,,기계공학과,안한다.,,,,후보에 대한 정보가 부족해서,온라인,INU바로미터 현장조사에서
2024-11-04 12:13,46,Y,,,,동북아통상전공,한다.,대학 생활에 영향을 미치는 사안이라고 생각해서,온라인,INU바로미터 현장조사에서,,,
2024-11-04 12:14,47,Y,,,,기계공학과,안한다.,,,,총학생회에 관심이 없어서,온라인,INU바로미터 현장조사에서
2024-11-04 12:15,48,Y,,,,에너지화학공학과,안한다.,,,,후보에 대한 정보가 부족해서,둘 다 상관없음,설문조사 홍보 전단지에서
2024-11-04 12:16,49,Y,,,,불어불문학과,안한다.,,,,투표 시간이 없어서,온라인,INU바로미터 현장조사에서
2024-11-04 12:16,50,Y,,,,컴퓨터공학부,안한다.,,,,총학생회에 관심이 없어서,온라인,INU바로미터 현장조사에서
2024-11-04 12:16,51,Y,,,,컴퓨터공학부,안한다.,,,,총학생회에 관심이 없어서,온라인,INU바로미터 현장조사에서
2024-11-04 12:17,52,Y,,,,세무회계학과,한다.,대학 생활에 영향을 미치는 사안이라고 생각해서,온라인,설문조사 홍보 전단지에서,,,
2024-11-04 12:18,53,Y,,,,경영학부,한다.,대학 생활에 영향을 미치는 사안이라고 생각해서,둘 다 상관없음,INU바로미터 현장조사에서,,,
2024-11-04 12:20,54,Y,,,,무역학부,한다.,대학 생활에 영향을 미치는 사안이라고 생각해서,오프라인,INU바로미터 현장조사에서,,,
2024-11-04 12:20,55,Y,,,,무역학부,안한다.,,,,후보에 대한 정보가 부족해서,온라인,설문조사 홍보 전단지에서
2024-11-04 12:23,56,Y,,,,산업경영공학과,안한다.,,,,투표 시간이 없어서,온라인,INU바로미터 현장조사에서
2024-11-04 12:26,57,Y,,,,무역학부,한다.,대학 생활에 영향을 미치는 사안이라고 생각해서,온라인,INU바로미터 현장조사에서,,,
2024-11-04 12:26,58,Y,,,,무역학부,한다.,참여는 내 권리라고 생각해서,온라인,INU바로미터 현장조사에서,,,
2024-11-04 12:29,59,Y,,,,경영학부,안한다.,,,,투표 절차가 번거로워서,둘 다 상관없음,지인의 권유로
2024-11-04 12:30,60,Y,,,,기계공학과,안한다.,,,,투표 시간이 없어서,온라인,INU바로미터 현장조사에서
2024-11-04 12:30,61,Y,,,,바이오-로봇 시스템공학과,안한다.,,,,투표 시간이 없어서,둘 다 상관없음,설문조사 홍보 전단지에서
2024-11-04 12:30,62,Y,,,,문헌정보학과,한다.,대학 생활에 영향을 미치는 사안이라고 생각해서,온라인,에브리타임 게시판을 보고,,,
2024-11-04 12:31,63,Y,,,,생명공학부,한다.,대학 생활에 영향을 미치는 사안이라고 생각해서,둘 다 상관없음,INU바로미터 현장조사에서,,,
2024-11-04 12:32,64,Y,,,,문헌정보학과,한다.,참여는 내 권리라고 생각해서,온라인,에브리타임 게시판을 보고,,,
2024-11-04 12:36,65,Y,,,,생명과학부,한다.,대학 생활에 영향을 미치는 사안이라고 생각해서,온라인,INU바로미터 현장조사에서,,,
2024-11-04 12:37,66,Y,,,,도시행정학과,한다.,대학 생활에 영향을 미치는 사안이라고 생각해서,둘 다 상관없음,INU바로미터 현장조사에서,,,
2024-11-04 12:38,67,Y,,,,무역학부,안한다.,,,,총학생회에 관심이 없어서,온라인,INU바로미터 현장조사에서
2024-11-04 12:38,68,Y,,,,디자인학부,안한다.,,,,후보에 대한 정보가 부족해서,둘 다 상관없음,INU바로미터 현장조사에서
2024-11-04 12:38,69,Y,,,,디자인학부,한다.,참여는 내 권리라고 생각해서,온라인,INU바로미터 현장조사에서,,,
2024-11-04 12:42,70,Y,,,,전자공학과,한다.,참여는 내 권리라고 생각해서,온라인,INU바로미터 현장조사에서,,,
2024-11-04 12:42,71,Y,,,,전자공학과,한다.,대학 생활에 영향을 미치는 사안이라고 생각해서,온라인,설문조사 홍보 전단지에서,,,
2024-11-04 12:44,72,Y,,,,바이오-로봇 시스템공학과,한다.,참여는 내 권리라고 생각해서,온라인,에브리타임 게시판을 보고,,,
2024-11-04 12:44,73,Y,,,,바이오-로봇 시스템공학과,안한다.,,,,내가 뽑아도 변화가 없을 것 같아서,둘 다 상관없음,INU바로미터 현장조사에서
2024-11-04 12:46,74,Y,,,,동북아통상전공,안한다.,,,,투표 시간이 없어서,온라인,INU바로미터 현장조사에서
2024-11-04 12:46,75,Y,,,,디자인학부,안한다.,,,,총학생회에 관심이 없어서,온라인,INU바로미터 현장조사에서
2024-11-04 13:04,76,Y,,,,경제학과,한다.,참여는 내 권리라고 생각해서,온라인,지인의 권유로,,,
2024-11-04 13:05,77,Y,,,,정치외교학과,한다.,주변에서 투표하라고 권유해서,둘 다 상관없음,지인의 권유로,,,
2024-11-04 13:05,78,Y,,,,법학부,한다.,대학 생활에 영향을 미치는 사안이라고 생각해서,온라인,INU바로미터 현장조사에서,,,
2024-11-04 13:05,79,Y,,,,법학부,한다.,참여는 내 권리라고 생각해서,온라인,에브리타임 게시판을 보고,,,
2024-11-04 13:09,80,Y,,,,수학과,한다.,참여는 내 권리라고 생각해서,온라인,설문조사 홍보 전단지에서,,,
2024-11-04 13:09,81,Y,,,,수학과,안한다.,,,,군인,둘 다 상관없음,INU바로미터 현장조사에서
2024-11-04 13:11,82,Y,,,,수학과,한다.,대학 생활에 영향을 미치는 사안이라고 생각해서,온라인,INU바로미터 현장조사에서,,,
2024-11-04 13:11,83,Y,,,,수학과,한다.,주변에서 투표하라고 권유해서,온라인,설문조사 홍보 전단지에서,,,
2024-11-04 13:11,84,Y,,,,수학과,안한다.,,,,총학생회에 관심이 없어서,온라인,지인의 권유로
2024-11-04 13:13,85,Y,,,,물리학과,한다.,참여는 내 권리라고 생각해서,둘 다 상관없음,설문조사 홍보 전단지에서,,,
2024-11-04 13:13,86,Y,,,,물리학과,한다.,참여는 내 권리라고 생각해서,둘 다 상관없음,설문조사 홍보 전단지에서,,,
2024-11-04 13:13,87,Y,,,,물리학과,안한다.,,,,총학생회에 관심이 없어서,둘 다 상관없음,INU바로미터 현장조사에서
2024-11-04 13:15,88,Y,,,,산업경영공학과,안한다.,,,,투표 절차가 번거로워서,온라인,INU바로미터 현장조사에서
2024-11-04 13:15,89,Y,,,,산업경영공학과,안한다.,,,,총학생회에 관심이 없어서,온라인,INU바로미터 현장조사에서
2024-11-04 13:18,90,Y,,,,기계공학과,한다.,대학 생활에 영향을 미치는 사안이라고 생각해서,온라인,INU바로미터 현장조사에서,,,
2024-11-04 13:18,91,Y,,,,기계공학과,한다.,대학 생활에 영향을 미치는 사안이라고 생각해서,둘 다 상관없음,에브리타임 게시판을 보고,,,
2024-11-04 13:19,92,Y,,,,기계공학과,한다.,참여는 내 권리라고 생각해서,온라인,INU바로미터 현장조사에서,,,
2024-11-04 13:19,93,Y,,,,기계공학과,안한다.,,,,투표 절차가 번거로워서,온라인,INU바로미터 현장조사에서
2024-11-04 13:19,94,Y,,,,기계공학과,한다.,학생 대표의 공석을 방지하기 위해서,온라인,지인의 권유로,,,
2024-11-04 13:19,95,Y,,,,기계공학과,한다.,참여는 내 권리라고 생각해서,온라인,설문조사 홍보 전단지에서,,,
2024-11-04 13:21,96,Y,,,,무역학부,안한다.,,,,총학생회에 관심이 없어서,둘 다 상관없음,지인의 권유로
2024-11-04 13:21,97,Y,,,,무역학부,한다.,참여는 내 권리라고 생각해서,온라인,지인의 권유로,,,
2024-11-04 13:21,98,Y,,,,무역학부,한다.,학생 대표의 공석을 방지하기 위해서,온라인,INU바로미터 현장조사에서,,,
2024-11-04 13:24,99,Y,,,,무역학부,한다.,주변에서 투표하라고 권유해서,오프라인,지인의 권유로,,,
2024-11-04 13:24,100,Y,,,,무역학부,한다.,참여는 내 권리라고 생각해서,온라인,지인의 권유로,,,
2024-11-04 13:27,101,Y,,,,경제학과,안한다.,,,,총학생회에 관심이 없어서,온라인,INU바로미터 현장조사에서
2024-11-04 13:27,102,Y,,,,무역학부,한다.,참여는 내 권리라고 생각해서,온라인,지인의 권유로,,,
2024-11-04 13:28,103,Y,,,,디자인학부,한다.,대학 생활에 영향을 미치는 사안이라고 생각해서,온라인,INU바로미터 현장조사에서,,,
2024-11-04 13:29,104,Y,,,,디자인학부,한다.,학생 대표의 공석을 방지하기 위해서,온라인,INU바로미터 현장조사에서,,,
2024-11-04 13:29,105,Y,,,,영어영문학과,한다.,참여는 내 권리라고 생각해서,온라인,INU바로미터 현장조사에서,,,
2024-11-04 13:30,106,Y,,,,영어영문학과,한다.,참여는 내 권리라고 생각해서,온라인,INU바로미터 현장조사에서,,,
2024-11-04 13:30,107,Y,,,,전기공학과,한다.,참여는 내 권리라고 생각해서,둘 다 상관없음,INU바로미터 현장조사에서,,,
2024-11-04 13:31,108,Y,,,,무역학부,한다.,대학 생활에 영향을 미치는 사안이라고 생각해서,온라인,INU바로미터 현장조사에서,,,
2024-11-04 13:31,109,Y,,,,문헌정보학과,한다.,학생 대표의 공석을 방지하기 위해서,온라인,INU바로미터 현장조사에서,,,
2024-11-04 13:33,110,Y,,,,불어불문학과,한다.,참여는 내 권리라고 생각해서,온라인,지인의 권유로,,,
2024-11-04 13:35,111,Y,,,,전기공학과,한다.,주변에서 투표하라고 권유해서,둘 다 상관없음,INU바로미터 현장조사에서,,,
2024-11-04 13:35,112,Y,,,,전기공학과,한다.,참여는 내 권리라고 생각해서,온라인,에브리타임 게시판을 보고,,,
2024-11-04 13:35,113,Y,,,,전기공학과,한다.,주변에서 투표하라고 권유해서,오프라인,에브리타임 게시판을 보고,,,
2024-11-04 13:36,114,Y,,,,전기공학과,한다.,주변에서 투표하라고 권유해서,둘 다 상관없음,INU바로미터 현장조사에서,,,
2024-11-04 13:36,115,Y,,,,불어불문학과,한다.,대학 생활에 영향을 미치는 사안이라고 생각해서,온라인,INU바로미터 현장조사에서,,,
2024-11-04 13:37,116,Y,,,,무역학부,한다.,참여는 내 권리라고 생각해서,둘 다 상관없음,INU바로미터 현장조사에서,,,
2024-11-04 13:38,117,Y,,,,행정학과,한다.,대학 생활에 영향을 미치는 사안이라고 생각해서,둘 다 상관없음,INU바로미터 현장조사에서,,,
2024-11-04 13:38,118,Y,,,,법학부,안한다.,,,,총학생회에 관심이 없어서,온라인,지인의 권유로
2024-11-04 13:38,119,Y,,,,행정학과,한다.,대학 생활에 영향을 미치는 사안이라고 생각해서,온라인,INU바로미터 현장조사에서,,,
2024-11-04 13:39,120,Y,,,,패션산업학과,한다.,참여는 내 권리라고 생각해서,둘 다 상관없음,설문조사 홍보 전단지에서,,,
2024-11-04 13:39,121,Y,,,,패션산업학과,안한다.,,,,후보에 대한 정보가 부족해서,온라인,INU바로미터 현장조사에서
2024-11-04 13:42,122,Y,,,,불어불문학과,안한다.,,,,투표 시간이 없어서,온라인,지인의 권유로
2024-11-04 13:42,123,Y,,,,불어불문학과,한다.,참여는 내 권리라고 생각해서,온라인,설문조사 홍보 전단지에서,,,
2024-11-04 14:01,124,Y,,,,정보통신공학과,한다.,대학 생활에 영향을 미치는 사안이라고 생각해서,오프라인,INU바로미터 현장조사에서,,,
2024-11-04 14:01,125,Y,,,,정보통신공학과,안한다.,,,,투표 시간이 없어서,온라인,설문조사 홍보 전단지에서
2024-11-04 14:02,126,Y,,,,정보통신공학과,한다.,주변에서 투표하라고 권유해서,둘 다 상관없음,INU바로미터 현장조사에서,,,
2024-11-04 14:02,127,Y,,,,정보통신공학과,안한다.,,,,총학생회에 관심이 없어서,둘 다 상관없음,INU바로미터 현장조사에서
2024-11-05 11:46,128,Y,,,,미디어커뮤니케이션학과,한다.,대학 생활에 영향을 미치는 사안이라고 생각해서,온라인,설문조사 홍보 전단지에서,,,
2024-11-05 11:52,129,Y,,,,정치외교학과,안한다.,,,,총학생회에 관심이 없어서,온라인,지인의 권유로
2024-11-05 12:07,130,Y,,,,법학부,안한다.,,,,투표 시간이 없어서,둘 다 상관없음,INU바로미터 현장조사에서
2024-11-05 12:08,131,Y,,,,정치외교학과,한다.,참여는 내 권리라고 생각해서,오프라인,INU바로미터 현장조사에서,,,
2024-11-05 12:09,132,Y,,,,무역학부,한다.,대학 생활에 영향을 미치는 사안이라고 생각해서,둘 다 상관없음,INU바로미터 현장조사에서,,,
2024-11-05 12:09,133,Y,,,,운동건강학부,한다.,참여는 내 권리라고 생각해서,온라인,에브리타임 게시판을 보고,,,
2024-11-05 12:10,134,Y,,,,중어중국학과,한다.,대학 생활에 영향을 미치는 사안이라고 생각해서,온라인,INU바로미터 현장조사에서,,,
2024-11-05 12:11,135,Y,,,,중어중국학과,한다.,참여는 내 권리라고 생각해서,온라인,INU바로미터 현장조사에서,,,
2024-11-05 12:11,136,Y,,,,중어중국학과,한다.,참여는 내 권리라고 생각해서,온라인,설문조사 홍보 전단지에서,,,
2024-11-05 12:12,137,Y,,,,무역학부,한다.,참여는 내 권리라고 생각해서,오프라인,INU바로미터 현장조사에서,,,
2024-11-05 12:12,138,Y,,,,무역학부,안한다.,,,,총학생회에 관심이 없어서,온라인,INU바로미터 현장조사에서
2024-11-05 12:12,139,Y,,,,무역학부,안한다.,,,,후보에 대한 정보가 부족해서,온라인,지인의 권유로
2024-11-05 12:13,140,Y,,,,생명과학부,안한다.,,,,후보에 대한 정보가 부족해서,온라인,INU바로미터 현장조사에서
2024-11-05 12:16,141,Y,,,,도시건축학부,안한다.,,,,투표 시간이 없어서,온라인,INU바로미터 현장조사에서
2024-11-05 12:16,142,Y,,,,도시건축학부,한다.,내가 지지하는 후보가 있어서,둘 다 상관없음,지인의 권유로,,,
2024-11-05 12:17,143,Y,,,,정치외교학과,안한다.,,,,투표 시간이 없어서,둘 다 상관없음,INU바로미터 현장조사에서
2024-11-05 12:17,144,Y,,,,도시건축학부,안한다.,,,,투표 시간이 없어서,온라인,INU바로미터 현장조사에서
2024-11-05 12:22,145,Y,,,,산업경영공학과,한다.,참여는 내 권리라고 생각해서,온라인,INU바로미터 현장조사에서,,,
2024-11-05 12:22,146,Y,,,,산업경영공학과,한다.,참여는 내 권리라고 생각해서,온라인,INU바로미터 현장조사에서,,,
2024-11-05 12:25,147,Y,,,,컴퓨터공학부,한다.,참여는 내 권리라고 생각해서,둘 다 상관없음,INU바로미터 현장조사에서,,,
2024-11-05 12:25,148,Y,,,,정보통신공학과,안한다.,,,,총학생회에 관심이 없어서,둘 다 상관없음,INU바로미터 현장조사에서
2024-11-05 12:28,149,Y,,,,임베디드시스템공학과,한다.,대학 생활에 영향을 미치는 사안이라고 생각해서,온라인,INU바로미터 현장조사에서,,,
2024-11-05 12:28,150,Y,,,,임베디드시스템공학과,한다.,참여는 내 권리라고 생각해서,온라인,INU바로미터 현장조사에서,,,
2024-11-05 12:29,151,Y,,,,수학과,한다.,참여는 내 권리라고 생각해서,오프라인,INU바로미터 현장조사에서,,,
2024-11-05 12:29,152,Y,,,,국어국문학과,안한다.,,,,후보에 대한 정보가 부족해서,온라인,INU바로미터 현장조사에서
2024-11-05 12:29,153,Y,,,,환경공학전공,안한다.,,,,투표 시간이 없어서,온라인,INU바로미터 현장조사에서
2024-11-05 12:29,154,Y,,,,환경공학전공,안한다.,,,,투표 시간이 없어서,온라인,INU바로미터 현장조사에서
2024-11-05 12:31,155,Y,,,,에너지화학공학과,한다.,대학 생활에 영향을 미치는 사안이라고 생각해서,온라인,INU바로미터 현장조사에서,,,
2024-11-05 12:31,156,Y,,,,에너지화학공학과,안한다.,,,,내가 뽑아도 변화가 없을 것 같아서,온라인,INU바로미터 현장조사에서
2024-11-05 12:31,157,Y,,,,에너지화학공학과,한다.,주변에서 투표하라고 권유해서,온라인,INU바로미터 현장조사에서,,,
2024-11-05 12:31,158,Y,,,,에너지화학공학과,한다.,대학 생활에 영향을 미치는 사안이라고 생각해서,온라인,설문조사 홍보 전단지에서,,,
2024-11-05 12:34,159,Y,,,,공연예술학과,안한다.,,,,총학생회에 관심이 없어서,온라인,INU바로미터 현장조사에서
2024-11-05 12:34,160,Y,,,,공연예술학과,한다.,참여는 내 권리라고 생각해서,온라인,에브리타임 게시판을 보고,,,
2024-11-05 12:34,161,Y,,,,공연예술학과,안한다.,,,,총학생회에 관심이 없어서,온라인,INU바로미터 현장조사에서
2024-11-05 12:34,162,Y,,,,기계공학과,한다.,주변에서 투표하라고 권유해서,온라인,설문조사 홍보 전단지에서,,,
2024-11-05 12:34,163,Y,,,,공연예술학과,안한다.,,,,총학생회에 관심이 없어서,둘 다 상관없음,INU바로미터 현장조사에서
2024-11-05 12:36,164,Y,,,,건설환경공학부,한다.,참여는 내 권리라고 생각해서,온라인,설문조사 홍보 전단지에서,,,
2024-11-05 12:37,165,Y,,,,건설환경공학부,한다.,참여는 내 권리라고 생각해서,온라인,INU바로미터 현장조사에서,,,
2024-11-05 12:38,166,Y,,,,건설환경공학부,한다.,주변에서 투표하라고 권유해서,온라인,INU바로미터 현장조사에서,,,
2024-11-05 12:38,167,Y,,,,경영학부,한다.,내가 지지하는 후보가 있어서,둘 다 상관없음,INU바로미터 현장조사에서,,,
2024-11-05 12:38,168,Y,,,,경영학부,안한다.,,,,총학생회에 관심이 없어서,둘 다 상관없음,INU바로미터 현장조사에서
2024-11-05 12:39,169,Y,,,,도시건축학부,한다.,참여는 내 권리라고 생각해서,온라인,지인의 권유로,,,
2024-11-05 12:39,170,Y,,,,경영학부,한다.,대학 생활에 영향을 미치는 사안이라고 생각해서,온라인,지인의 권유로,,,
2024-11-05 12:39,171,Y,,,,생명공학부,한다.,학생 대표의 공석을 방지하기 위해서,온라인,설문조사 홍보 전단지에서,,,
2024-11-05 12:40,172,Y,,,,생명공학부,한다.,참여는 내 권리라고 생각해서,온라인,INU바로미터 현장조사에서,,,
2024-11-05 12:40,173,Y,,,,도시건축학부,한다.,참여는 내 권리라고 생각해서,온라인,설문조사 홍보 전단지에서,,,
2024-11-05 12:41,174,Y,,,,산업경영공학과,한다.,참여는 내 권리라고 생각해서,온라인,설문조사 홍보 전단지에서,,,
2024-11-05 12:41,175,Y,,,,산업경영공학과,한다.,대학 생활에 영향을 미치는 사안이라고 생각해서,온라인,INU바로미터 현장조사에서,,,
2024-11-05 12:41,176,Y,,,,산업경영공학과,한다.,참여는 내 권리라고 생각해서,온라인,지인의 권유로,,,
2024-11-05 12:42,177,Y,,,,산업경영공학과,한다.,대학 생활에 영향을 미치는 사안이라고 생각해서,온라인,설문조사 홍보 전단지에서,,,
2024-11-05 12:42,178,Y,,,,산업경영공학과,한다.,참여는 내 권리라고 생각해서,온라인,설문조사 홍보 전단지에서,,,
2024-11-05 12:43,179,Y,,,,산업경영공학과,한다.,대학 생활에 영향을 미치는 사안이라고 생각해서,온라인,INU바로미터 현장조사에서,,,
2024-11-05 12:43,180,Y,,,,산업경영공학과,안한다.,,,,총학생회에 관심이 없어서,둘 다 상관없음,INU바로미터 현장조사에서
2024-11-05 12:43,181,Y,,,,산업경영공학과,한다.,참여는 내 권리라고 생각해서,둘 다 상관없음,설문조사 홍보 전단지에서,,,
2024-11-05 12:44,182,Y,,,,창의인재개발학과,한다.,내가 지지하는 후보가 있어서,둘 다 상관없음,INU바로미터 현장조사에서,,,
2024-11-05 12:44,183,Y,,,,산업경영공학과,한다.,참여는 내 권리라고 생각해서,온라인,INU바로미터 현장조사에서,,,
2024-11-05 12:45,184,Y,,,,중어중국학과,한다.,참여는 내 권리라고 생각해서,둘 다 상관없음,설문조사 홍보 전단지에서,,,
2024-11-05 12:45,185,Y,,,,중어중국학과,한다.,대학 생활에 영향을 미치는 사안이라고 생각해서,온라인,INU바로미터 현장조사에서,,,
2024-11-05 12:45,186,Y,,,,영어영문학과,한다.,대학 생활에 영향을 미치는 사안이라고 생각해서,둘 다 상관없음,설문조사 홍보 전단지에서,,,
2024-11-05 12:46,187,Y,,,,영어영문학과,한다.,대학 생활에 영향을 미치는 사안이라고 생각해서,온라인,INU바로미터 현장조사에서,,,
2024-11-05 12:48,188,Y,,,,정치외교학과,안한다.,,,,투표 시간이 없어서,둘 다 상관없음,INU바로미터 현장조사에서
2024-11-05 12:51,189,Y,,,,전자공학과,안한다.,,,,총학생회에 관심이 없어서,온라인,지인의 권유로
2024-11-05 12:51,190,Y,,,,세무회계학과,한다.,대학 생활에 영향을 미치는 사안이라고 생각해서,온라인,에브리타임 게시판을 보고,,,
2024-11-05 12:53,191,Y,,,,불어불문학과,한다.,대학 생활에 영향을 미치는 사안이라고 생각해서,온라인,INU바로미터 현장조사에서,,,
2024-11-05 12:53,192,Y,,,,불어불문학과,안한다.,,,,후보에 대한 정보가 부족해서,둘 다 상관없음,설문조사 홍보 전단지에서
2024-11-05 12:54,193,Y,,,,경영학부,한다.,주변에서 투표하라고 권유해서,온라인,설문조사 홍보 전단지에서,,,
2024-11-05 12:54,194,Y,,,,전기공학과,한다.,학생 대표의 공석을 방지하기 위해서,온라인,INU바로미터 현장조사에서,,,
2024-11-05 12:54,195,Y,,,,산업경영공학과,한다.,학생 대표의 공석을 방지하기 위해서,오프라인,INU바로미터 현장조사에서,,,
2024-11-05 12:55,196,Y,,,,공연예술학과,한다.,내가 지지하는 후보가 있어서,둘 다 상관없음,INU바로미터 현장조사에서,,,
2024-11-05 12:55,197,Y,,,,경제학과,한다.,참여는 내 권리라고 생각해서,둘 다 상관없음,INU바로미터 현장조사에서,,,
2024-11-05 12:55,198,Y,,,,데이터과학과,한다.,대학 생활에 영향을 미치는 사안이라고 생각해서,온라인,에브리타임 게시판을 보고,,,
2024-11-05 12:56,199,Y,,,,정치외교학과,한다.,참여는 내 권리라고 생각해서,온라인,INU바로미터 현장조사에서,,,
2024-11-05 12:58,200,Y,,,,무역학부,안한다.,,,,투표 시간이 없어서,둘 다 상관없음,INU바로미터 현장조사에서
2024-11-05 12:59,201,Y,,,,정치외교학과,한다.,참여는 내 권리라고 생각해서,둘 다 상관없음,지인의 권유로,,,
2024-11-05 13:00,202,Y,,,,경영학부,한다.,참여는 내 권리라고 생각해서,둘 다 상관없음,INU바로미터 현장조사에서,,,
2024-11-05 13:01,203,Y,,,,전기공학과,한다.,참여는 내 권리라고 생각해서,오프라인,지인의 권유로,,,
2024-11-05 13:02,204,Y,,,,정치외교학과,한다.,내가 지지하는 후보가 있어서,오프라인,INU바로미터 현장조사에서,,,
2024-11-05 13:02,205,Y,,,,정보통신공학과,한다.,참여는 내 권리라고 생각해서,둘 다 상관없음,INU바로미터 현장조사에서,,,
2024-11-05 13:02,206,Y,,,,불어불문학과,한다.,참여는 내 권리라고 생각해서,둘 다 상관없음,설문조사 홍보 전단지에서,,,
2024-11-05 13:04,207,Y,,,,불어불문학과,한다.,대학 생활에 영향을 미치는 사안이라고 생각해서,온라인,INU바로미터 현장조사에서,,,
2024-11-05 13:04,208,Y,,,,일본지역문화학과,한다.,내가 지지하는 후보가 있어서,오프라인,지인의 권유로,,,
2024-11-05 13:04,209,Y,,,,경제학과,한다.,참여는 내 권리라고 생각해서,온라인,설문조사 홍보 전단지에서,,,
2024-11-05 13:05,210,Y,,,,경제학과,한다.,내가 지지하는 후보가 있어서,오프라인,INU바로미터 현장조사에서,,,
2024-11-05 13:08,211,Y,,,,컴퓨터공학부,한다.,대학 생활에 영향을 미치는 사안이라고 생각해서,둘 다 상관없음,설문조사 홍보 전단지에서,,,
2024-11-05 15:08,212,Y,,,,산업경영공학과,안한다.,,,,총학생회에 관심이 없어서,온라인,지인의 권유로
2024-11-06 12:15,213,Y,,,,법학부,한다.,학생 대표의 공석을 방지하기 위해서,둘 다 상관없음,INU바로미터 현장조사에서,,,
2024-11-06 12:18,214,Y,,,,정치외교학과,한다.,대학 생활에 영향을 미치는 사안이라고 생각해서,오프라인,에브리타임 게시판을 보고,,,
2024-11-06 12:20,215,Y,,,,정치외교학과,한다.,참여는 내 권리라고 생각해서,온라인,지인의 권유로,,,
2024-11-06 12:20,216,Y,,,,기계공학과,한다.,참여는 내 권리라고 생각해서,온라인,INU바로미터 현장조사에서,,,
2024-11-06 12:20,217,Y,,,,기계공학과,한다.,참여는 내 권리라고 생각해서,온라인,설문조사 홍보 전단지에서,,,
2024-11-06 12:20,218,Y,,,,기계공학과,한다.,학생 대표의 공석을 방지하기 위해서,오프라인,INU바로미터 현장조사에서,,,
2024-11-06 12:20,219,Y,,,,기계공학과,한다.,대학 생활에 영향을 미치는 사안이라고 생각해서,온라인,INU바로미터 현장조사에서,,,
2024-11-06 12:21,220,Y,,,,기계공학과,한다.,학생 대표의 공석을 방지하기 위해서,오프라인,지인의 권유로,,,
2024-11-06 12:21,221,Y,,,,기계공학과,한다.,대학 생활에 영향을 미치는 사안이라고 생각해서,온라인,INU바로미터 현장조사에서,,,
2024-11-06 12:22,222,Y,,,,기계공학과,한다.,참여는 내 권리라고 생각해서,둘 다 상관없음,INU바로미터 현장조사에서,,,
2024-11-06 12:22,223,Y,,,,기계공학과,한다.,참여는 내 권리라고 생각해서,온라인,설문조사 홍보 전단지에서,,,
2024-11-06 12:23,224,Y,,,,경제학과,안한다.,,,,투표 시간이 없어서,온라인,지인의 권유로
2024-11-06 12:24,225,Y,,,,건설환경공학부,안한다.,,,,총학생회에 관심이 없어서,둘 다 상관없음,INU바로미터 현장조사에서
2024-11-06 12:24,226,Y,,,,전기공학과,한다.,참여는 내 권리라고 생각해서,온라인,INU바로미터 현장조사에서,,,
2024-11-06 12:25,227,Y,,,,기계공학과,한다.,참여는 내 권리라고 생각해서,온라인,INU바로미터 현장조사에서,,,
2024-11-06 12:25,228,Y,,,,무역학부,한다.,참여는 내 권리라고 생각해서,온라인,INU바로미터 현장조사에서,,,
2024-11-06 12:27,229,Y,,,,전기공학과,한다.,대학 생활에 영향을 미치는 사안이라고 생각해서,둘 다 상관없음,설문조사 홍보 전단지에서,,,
2024-11-06 12:29,230,Y,,,,경제학과,안한다.,,,,총학생회에 관심이 없어서,온라인,지인의 권유로
2024-11-06 12:29,231,Y,,,,전자공학과,한다.,학생 대표의 공석을 방지하기 위해서,온라인,INU바로미터 현장조사에서,,,
2024-11-06 12:30,232,Y,,,,전자공학과,한다.,학생 대표의 공석을 방지하기 위해서,둘 다 상관없음,지인의 권유로,,,
2024-11-06 12:30,233,Y,,,,전자공학과,한다.,주변에서 투표하라고 권유해서,오프라인,INU바로미터 현장조사에서,,,
2024-11-06 12:30,234,Y,,,,컴퓨터공학부,한다.,참여는 내 권리라고 생각해서,온라인,INU바로미터 현장조사에서,,,
2024-11-06 12:30,235,Y,,,,행정학과,한다.,대학 생활에 영향을 미치는 사안이라고 생각해서,오프라인,INU바로미터 현장조사에서,,,
2024-11-06 12:31,236,Y,,,,중어중국학과,안한다.,,,,투표 시간이 없어서,온라인,INU바로미터 현장조사에서
2024-11-06 12:31,237,Y,,,,중어중국학과,안한다.,,,,총학생회에 관심이 없어서,온라인,INU바로미터 현장조사에서
2024-11-06 12:32,238,Y,,,,신소재공학과,한다.,참여는 내 권리라고 생각해서,온라인,INU바로미터 현장조사에서,,,
2024-11-06 12:34,239,Y,,,,신소재공학과,한다.,참여는 내 권리라고 생각해서,둘 다 상관없음,에브리타임 게시판을 보고,,,
2024-11-06 12:34,240,Y,,,,신소재공학과,한다.,참여는 내 권리라고 생각해서,오프라인,지인의 권유로,,,
2024-11-06 12:34,241,Y,,,,정보통신공학과,한다.,참여는 내 권리라고 생각해서,온라인,지인의 권유로,,,
2024-11-06 12:35,242,Y,,,,정보통신공학과,안한다.,,,,총학생회에 관심이 없어서,온라인,INU바로미터 현장조사에서
2024-11-06 12:35,243,Y,,,,정보통신공학과,안한다.,,,,후보에 대한 정보가 부족해서,온라인,INU바로미터 현장조사에서
2024-11-06 12:36,244,Y,,,,환경공학전공,한다.,대학 생활에 영향을 미치는 사안이라고 생각해서,온라인,INU바로미터 현장조사에서,,,
2024-11-06 12:36,245,Y,,,,일본지역문화학과,안한다.,,,,총학생회에 관심이 없어서,온라인,INU바로미터 현장조사에서
2024-11-06 12:36,246,Y,,,,행정학과,안한다.,,,,이제 졸업이라서..,오프라인,INU바로미터 현장조사에서
2024-11-06 12:37,247,Y,,,,행정학과,안한다.,,,,내년에 졸업 예정이라서,둘 다 상관없음,INU바로미터 현장조사에서
2024-11-06 12:40,248,Y,,,,무역학부,안한다.,,,,후보에 대한 정보가 부족해서,온라인,INU바로미터 현장조사에서
2024-11-06 12:41,249,Y,,,,무역학부,안한다.,,,,투표 시간이 없어서,온라인,설문조사 홍보 전단지에서
2024-11-06 12:42,250,Y,,,,동북아통상전공,안한다.,,,,총학생회에 관심이 없어서,둘 다 상관없음,지인의 권유로
2024-11-06 12:42,251,Y,,,,동북아통상전공,안한다.,,,,총학생회에 관심이 없어서,온라인,INU바로미터 현장조사에서
2024-11-06 12:42,252,Y,,,,전자공학과,한다.,대학 생활에 영향을 미치는 사안이라고 생각해서,둘 다 상관없음,INU바로미터 현장조사에서,,,
2024-11-06 12:45,253,Y,,,,기계공학과,안한다.,,,,후보에 대한 정보가 부족해서,둘 다 상관없음,INU바로미터 현장조사에서
2024-11-06 12:47,254,Y,,,,환경공학전공,한다.,참여는 내 권리라고 생각해서,온라인,설문조사 홍보 전단지에서,,,
2024-11-06 12:47,255,Y,,,,환경공학전공,한다.,대학 생활에 영향을 미치는 사안이라고 생각해서,온라인,INU바로미터 현장조사에서,,,
2024-11-06 12:47,256,Y,,,,환경공학전공,한다.,대학 생활에 영향을 미치는 사안이라고 생각해서,온라인,INU바로미터 현장조사에서,,,
2024-11-06 12:47,257,Y,,,,환경공학전공,한다.,대학 생활에 영향을 미치는 사안이라고 생각해서,온라인,지인의 권유로,,,
2024-11-06 12:47,258,Y,,,,환경공학전공,한다.,참여는 내 권리라고 생각해서,오프라인,INU바로미터 현장조사에서,,,
2024-11-06 12:50,259,Y,,,,일본지역문화학과,한다.,대학 생활에 영향을 미치는 사안이라고 생각해서,온라인,INU바로미터 현장조사에서,,,
2024-11-06 12:54,260,Y,,,,환경공학전공,한다.,주변에서 투표하라고 권유해서,둘 다 상관없음,INU바로미터 현장조사에서,,,
2024-11-06 12:55,261,Y,,,,국어국문학과,한다.,참여는 내 권리라고 생각해서,온라인,지인의 권유로,,,
2024-11-06 13:29,262,Y,,,,무역학부,안한다.,,,,후보에 대한 정보가 부족해서,온라인,지인의 권유로
2024-11-06 13:39,263,Y,,,,중어중국학과,한다.,대학 생활에 영향을 미치는 사안이라고 생각해서,둘 다 상관없음,INU바로미터 현장조사에서,,,
2024-11-06 14:40,264,Y,,,,도시건축학부,안한다.,,,,총학생회에 관심이 없어서,온라인,지인의 권유로
